{
  "scaler_X_mean": [
    7.003333333333333,
    49.494666666666696,
    25.56257090937914,
    81.31754286983345,
    114.833033512025,
    0.3262422994702957,
    0.9969667755874632,
    1262.6470735739179,
    4021.440958375805,
    5635.07422724429,
    19.21990962793353,
    50.5053333333333,
    109.72051933014913,
    679.3055703535291,
    2583.23355
  ],
  "scaler_X_scale": [
    4.351243755780885,
    11.554718584005228,
    5.085325835823166,
    13.05551424851844,
    57.63295555986102,
    0.10125099950952791,
    0.8323621052804249,
    386.7704326178342,
    1134.3210754895506,
    3086.869914804651,
    14.929808031866198,
    11.554718584005228,
    57.63869304644619,
    272.83542289399196,
    1151.4644948733314
  ],
  "scaler_y_mean": [
    19742.6
  ],
  "scaler_y_scale": [
    18981.124252969494
  ],
  "crop_classes": [
    "banana",
    "maize",
    "mango",
    "papaya",
    "pomegranate",
    "rice",
    "watermelon"
  ],
  "feature_columns": [
    "crop_encoded",
    "soil_moisture_percent",
    "temperature_celsius",
    "humidity_percent",
    "rainfall_mm",
    "temp_humidity_ratio",
    "humidity_rainfall_ratio",
    "temp_moisture_interaction",
    "moisture_humidity_product",
    "moisture_rainfall_product",
    "water_saturation_deficit",
    "soil_water_deficit",
    "net_water_input",
    "temp_squared",
    "moisture_squared"
  ],
  "model_metrics": {
    "r2_score": 0.9826850399008096,
    "accuracy": 92.65591656557564,
    "mae": 1385.0615755208332,
    "mape": 7.34408343442437,
    "rmse": 2504.938099012651,
    "max_error": 18383.96875,
    "median_error": 591.33251953125
  },
  "training_info": {
    "total_samples": 1500,
    "training_samples": 1200,
    "test_samples": 300,
    "epochs_trained": 142,
    "features": [
      "crop_encoded",
      "soil_moisture_percent",
      "temperature_celsius",
      "humidity_percent",
      "rainfall_mm",
      "temp_humidity_ratio",
      "humidity_rainfall_ratio",
      "temp_moisture_interaction",
      "moisture_humidity_product",
      "moisture_rainfall_product",
      "water_saturation_deficit",
      "soil_water_deficit",
      "net_water_input",
      "temp_squared",
      "moisture_squared"
    ]
  }
}